benchmark,method,seed,duration_seconds,phase,iteration,normalized_time,loss,objective,observed_objective,optimum_loss,instantaneous_regret,response_seconds,dataset_size,spatial_x
ackley,W-DBO,0,600.0,initial,0,0.022256858800119808,21.843797642219325,-21.843797642219325,-21.946919104257944,20.083289109992077,1.7605085322272487,0.0,1,8.765547988573076 -14.7336503191123 -29.37769446808354
ackley,W-DBO,0,600.0,initial,1,0.005678939838334493,21.54253559286635,-21.54253559286635,-21.818937839968807,20.075170500585994,1.4673650922803567,0.0,2,-30.942231326174138 20.049295308817435 26.41635694577419
ackley,W-DBO,0,600.0,initial,2,0.01557967861715106,20.724622700979985,-20.724622700979985,-20.31364269950956,19.09939010287534,1.6252325981046454,0.0,3,6.824689649099511 14.687779902975898 2.7919994537870636
ackley,W-DBO,0,600.0,initial,3,0.0021003835895596207,21.04229312870071,-21.04229312870071,-21.15946753130071,19.39271930394732,1.6495738247533893,0.0,4,27.844635122417166 20.214627463778058 -31.824735989110522
ackley,W-DBO,0,600.0,initial,4,0.020816103691334947,21.465940031518688,-21.465940031518688,-21.38821067904706,19.915805416817552,1.5501346147011361,0.0,5,22.87387370160444 -29.85052318045028 14.69794857151642
ackley,W-DBO,0,600.0,initial,5,0.019677457687217084,21.594729951389333,-21.594729951389333,-21.65582579345721,19.707495705460932,1.8872342459284006,0.0,6,-20.758040281436223 23.24345103039274 2.6535180959418696
ackley,W-DBO,0,600.0,initial,6,0.005984236074823804,21.228094407050097,-21.228094407050097,-20.85394946933156,20.11251072569962,1.1155836813504756,0.0,7,-12.818439005607374 -4.948017843349859 -30.18754104669037
ackley,W-DBO,0,600.0,initial,7,0.021912105770267597,21.367288470116492,-21.367288470116492,-21.05531193683262,20.054703600910152,1.31258486920634,0.0,8,-24.045870304027908 10.91996254039234 9.420128740752006
ackley,W-DBO,0,600.0,initial,8,0.0014642008701298587,21.62292568522754,-21.62292568522754,-21.473276341185752,19.289136011101622,2.333789674125917,0.0,9,7.384647134800247 -7.44463652723946 31.821435890509505
ackley,W-DBO,0,600.0,initial,9,0.00840292651364151,21.71139297163047,-21.71139297163047,-22.232041021933924,20.197669798707235,1.5137231729232354,0.0,10,30.773461681678725 11.87468700676446 9.629393681140243
ackley,W-DBO,0,600.0,initial,10,0.003756986672370977,21.078343016227425,-21.078343016227425,-21.066049545594225,19.73421085071421,1.3441321655132157,0.0,11,12.060590756540165 -7.109028865337358 -23.353823678565682
ackley,W-DBO,0,600.0,initial,11,0.011258484166232175,21.153974295274367,-21.153974295274367,-20.992432073306777,19.820318644761887,1.3336556505124797,0.0,12,14.175253772421229 1.6226766384464568 -12.144519964226838
ackley,W-DBO,0,600.0,initial,12,0.019908106757182357,21.007202662610062,-21.007202662610062,-20.76998537503048,19.753667110799114,1.2535355518109483,0.0,13,-0.9065370347654991 24.927221398336016 27.77878502119998
ackley,W-DBO,0,600.0,initial,13,0.005766055224843686,21.446576177458812,-21.446576177458812,-21.59257602112703,20.08638839064929,1.3601877868095222,0.0,14,-9.101107410619505 4.5779091667047 -11.400358971139703
ackley,W-DBO,0,600.0,initial,14,0.0013005325266102403,20.42750393595699,-20.42750393595699,-19.996996828964015,19.26727452085054,1.1602294151064534,0.0,15,6.035201932780595 -10.373681567543471 -6.936383966197681
ackley,W-DBO,0,600.0,optimization,0,0.025,21.239373037815188,-21.239373037815188,-21.55136610675299,20.03223380331199,1.2071392345031988,2.7738718799992057,16,-0.9065358093061455 24.92720257986055 27.778779796805054
ackley,W-DBO,0,600.0,optimization,1,0.029623119799998675,21.913828000213876,-21.913828000213876,-22.07013466250945,19.1513233679204,2.7625046322934743,1.115485563999755,17,31.66984850168228 23.462346374988556 0.46484702825546265
ackley,W-DBO,0,600.0,optimization,2,0.031482262406664935,20.24100201999978,-20.24100201999978,-20.0200672479238,19.005737641965876,1.2352643780339037,2.444086064999283,18,6.340611871403077 -9.896846078127858 -6.95049704665912
ackley,W-DBO,0,600.0,optimization,3,0.03555573918166374,20.98272307051979,-20.98272307051979,-20.971132385462802,19.660704907624154,1.3220181628956347,3.3705863909999607,19,6.5312293209698 -9.804791139687545 -6.874570563001306
ackley,W-DBO,0,600.0,optimization,4,0.04117338316666368,20.457476385729553,-20.457476385729553,-19.98434858005298,19.862643398785263,0.5948329869442901,3.741464733000612,20,6.071083320967922 -10.190285108746007 -6.954379035666808
ackley,W-DBO,0,600.0,optimization,5,0.047409157721664694,20.790864081752105,-20.790864081752105,-20.746320532894682,18.911339154583203,1.8795249271689016,3.8344912040001873,21,5.63276947643017 -10.595454709991532 -7.028932881652764
ackley,W-DBO,0,600.0,optimization,6,0.05379997639499834,20.757748819803606,-20.757748819803606,-20.90736070555812,19.8930481455218,0.8647006742818064,3.0596018260002893,22,6.325120974551162 -9.941148656917747 -6.928976582047017
ackley,W-DBO,0,600.0,optimization,7,0.05889931277166549,20.113446647566672,-20.113446647566672,-20.20265782133618,19.346915090467288,0.766531557099384,2.7515483580000364,23,6.101146039831342 -10.194720076998234 -6.948097983945814
ackley,W-DBO,0,600.0,optimization,8,0.06348522670166555,20.075363856292096,-20.075363856292096,-20.333181215644213,18.828238523449727,1.2471253328423693,2.4186871809997683,24,5.979273770570117 -10.361943779200043 -6.9771398071548845
ackley,W-DBO,0,600.0,optimization,9,0.06751637200333183,20.77971793278785,-20.77971793278785,-21.08160978876871,19.56199383277618,1.2177241000116688,2.847423565999634,25,5.819863294861079 -10.594686471266417 -7.026728940469329
ackley,W-DBO,0,600.0,optimization,10,0.07226207794666455,21.07689951723963,-21.07689951723963,-20.927945107531674,19.65014273897789,1.4267567782617405,2.3336905599999227,26,6.637614479525347 -9.353502925558793 -6.829421435790312
ackley,W-DBO,0,600.0,optimization,11,0.0761515622133311,20.34701278683015,-20.34701278683015,-20.209694207143567,18.868348249634817,1.478664537195332,2.425452825999855,27,5.570241421664697 -11.11242262108679 -6.924983547058488
ackley,W-DBO,0,600.0,optimization,12,0.08019398358999752,20.779262746183086,-20.779262746183086,-20.473382781103304,18.851096910437374,1.9281658357457125,2.0265726889992948,28,5.3823925299963165 -11.608904962996274 -6.904908056093738
ackley,W-DBO,0,600.0,optimization,13,0.08357160473832967,20.711304236137607,-20.711304236137607,-20.889603429355603,19.49549509489755,1.215809141240058,2.8229291679999733,29,5.291861827106501 -11.804990746871958 -6.873988986600558
ackley,W-DBO,0,600.0,optimization,14,0.0882764866849963,20.539951405612737,-20.539951405612737,-20.140846999686612,19.45696211127654,1.0829892943361976,2.7932720069993593,30,5.864340284111762 -10.274249056371882 -7.133526880774891
ackley,W-DBO,0,600.0,optimization,15,0.09293194002999523,20.51569971822246,-20.51569971822246,-20.583604042621428,18.558481939153925,1.957217779068536,3.976396685999134,30,5.683240075279947 -9.913176883331008 -7.592658530891889
ackley,W-DBO,0,600.0,optimization,16,0.09955926783999379,20.434599566413812,-20.434599566413812,-20.062596423627134,19.396172521331632,1.0384270450821802,1.4282990309993693,31,5.878701925272296 -10.07112144429951 -7.286682440686793
ackley,W-DBO,0,600.0,optimization,17,0.10193976622499273,20.935128882646698,-20.935128882646698,-21.03738805993181,19.499411184541625,1.4357176981050728,2.346281017000365,32,5.595152081835096 -9.656141258812514 -7.894103462877357
ackley,W-DBO,0,600.0,optimization,18,0.10585023458666001,20.49582977195898,-20.49582977195898,-20.669610677391724,18.91376596754559,1.5820638044133908,2.0663580340005865,33,6.502600290101306 -10.789180001182078 -5.9816198348734595
ackley,W-DBO,0,600.0,optimization,19,0.10929416464332765,20.720272244159784,-20.720272244159784,-20.661252646454063,18.3595081067472,2.360764137412584,2.2828982119999637,34,6.230135569982004 -10.612005036327709 -6.525754679319217
ackley,W-DBO,0,600.0,optimization,20,0.11309899499666093,20.574036892243555,-20.574036892243555,-20.330323876779712,18.880873852940393,1.6931630393031618,1.6627504050002244,35,6.100723640120478 -10.524363510885813 -6.751866922087011
ackley,W-DBO,0,600.0,optimization,21,0.11587024567166129,20.922499597808713,-20.922499597808713,-20.884456055125607,19.300713151093785,1.6217864467149283,1.844122427000002,36,6.211284463418544 -10.665953889268767 -6.595860586570705
ackley,W-DBO,0,600.0,optimization,22,0.11894378304999463,20.447436813799396,-20.447436813799396,-20.585786291309713,19.222581396982946,1.2248554168164496,2.1805364109995935,37,5.78488731998786 -10.26800926467617 -7.082836118325048
ackley,W-DBO,0,600.0,optimization,23,0.12257801040166062,20.04415864554198,-20.04415864554198,-20.361063704736743,18.495454720378447,1.548703925163533,2.366676431999622,38,5.823584510130061 -10.308763031361245 -7.102248822781284
ackley,W-DBO,0,600.0,optimization,24,0.12652247112165999,20.41123265560147,-20.41123265560147,-20.742385591999238,18.288543716762508,2.1226889388389623,2.9152919319994908,39,5.600405965023548 -10.263606932343041 -7.214486787727118
ackley,W-DBO,0,600.0,optimization,25,0.13138129100832582,20.898249132247,-20.898249132247,-20.779474604387143,19.111814377958012,1.7864347542889867,3.1370022010005414,40,6.34049745386455 -10.534125588645992 -7.2547237884896525
ackley,W-DBO,0,600.0,optimization,26,0.13660962800999338,19.95290644774376,-19.95290644774376,-19.719055823489263,18.67006774937443,1.282838698369332,3.2050037209992297,41,4.859159656062758 -9.748458547632556 -5.8443525517283845
ackley,W-DBO,0,600.0,optimization,27,0.14195130087832544,19.952468044453486,-19.952468044453486,-19.99128777477421,18.070492374744028,1.8819756697094583,3.682113193999612,42,3.440364192483891 -8.810354828970272 -4.2096802590712095
ackley,W-DBO,0,600.0,optimization,28,0.1480881562016581,20.480292484513303,-20.480292484513303,-20.73414474706228,18.962218431410324,1.5180740531029784,4.530048894999709,43,2.7821868399888032 -8.442502398050408 -3.5100367165001316
ackley,W-DBO,0,600.0,optimization,29,0.1556382376933243,19.82973937120987,-19.82973937120987,-19.623455887488063,17.812979224427874,2.0167601467819978,4.503677736999634,43,3.6635721972395885 -8.774796433746467 -4.2625350581546755
ackley,W-DBO,0,600.0,optimization,30,0.16314436725499035,20.018498869950875,-20.018498869950875,-20.32103194084428,18.72551664983976,1.2929822201111136,7.8816104990000895,44,4.168711730502906 -9.337499550544631 -5.1051938166874855
ackley,W-DBO,0,600.0,optimization,31,0.17628038475332383,19.281603489429173,-19.281603489429173,-19.450088104218946,18.185048365391907,1.0965551240372662,11.150540816999637,45,4.027051057472022 -9.244960651521616 -4.933131198889743
ackley,W-DBO,0,600.0,optimization,32,0.19486461944832323,19.618197957663707,-19.618197957663707,-19.471463088222414,18.225543390310346,1.392654567353361,5.705137986000409,46,4.159968217876404 -9.317553299187512 -5.0646773889090895
ackley,W-DBO,0,600.0,optimization,33,0.20437318275832392,19.066826560906403,-19.066826560906403,-19.59849271099661,17.067175854717977,1.9996507061884259,10.506994220000706,47,4.204863348219575 -9.332940529213914 -5.087912919259168
ackley,W-DBO,0,600.0,optimization,34,0.22188483979165843,19.086810294260626,-19.086810294260626,-18.995518406061606,17.06042796052623,2.0263823337343965,17.556124248000742,47,4.230747241089446 -9.3318210470126 -5.08416463218277
ackley,W-DBO,0,600.0,optimization,35,0.25114504687165967,18.642329454066925,-18.642329454066925,-18.7797602730132,16.002232015357713,2.640097438709212,7.7372075909997875,48,4.298250501445537 -9.336264715235078 -5.0846815716022356
ackley,W-DBO,0,600.0,optimization,36,0.2640403928566593,18.577486905086282,-18.577486905086282,-18.551666162493163,15.712566099722736,2.864920805363546,8.057130819000122,47,4.419323046888657 -9.315202251282024 -5.025240408912936
ackley,W-DBO,0,600.0,optimization,37,0.2774689442216595,18.514378928621802,-18.514378928621802,-18.53226577922231,15.760455565720077,2.753923362901725,6.141671258000315,46,4.485706171331323 -9.253102606911266 -4.918535330030249
ackley,W-DBO,0,600.0,optimization,38,0.2877050629849934,20.942087403177535,-20.942087403177535,-20.89433156298724,15.868605330215331,5.073482072962204,2.542186362999928,46,-32.0 -32.0 -32.0
ackley,W-DBO,0,600.0,optimization,39,0.29194204025665993,18.317178113868373,-18.317178113868373,-18.153158306834055,15.52209004128708,2.795088072581292,7.679550400000153,44,4.512790836217903 -9.196950294581555 -4.886618443867587
ackley,W-DBO,0,600.0,optimization,40,0.30474129092332686,18.26829655743878,-18.26829655743878,-18.44748510371319,15.337395201959275,2.930901355479506,4.315731164000681,44,4.598184887860462 -9.005260324329146 -4.641903075494131
ackley,W-DBO,0,600.0,optimization,41,0.3119341761966613,17.660672624715197,-17.660672624715197,-17.324921228304014,14.015349211134911,3.645323413580286,15.257858645999477,35,4.529151494831517 -9.09930237091234 -4.737035737455582
ackley,W-DBO,0,600.0,optimization,42,0.3373639406066604,14.92229439274786,-14.92229439274786,-14.75073205083444,13.93931269494615,0.9829816978017103,6.020134458999564,31,0.6839141915703948 -0.7082871437548413 0.8441922742208448
ackley,W-DBO,0,600.0,optimization,43,0.34739749803832637,19.302469842634203,-19.302469842634203,-19.103111641673188,13.01422790393112,6.288241938703083,2.206925765000051,31,-3.784142933393202 13.62558328460215 10.41096410991971
ackley,W-DBO,0,600.0,optimization,44,0.3510757076466598,13.485381955754754,-13.485381955754754,-13.210146448094497,13.350909520020924,0.13447243573383005,1.4489260070004093,32,-0.08267156216194849 1.0617953512058236 0.026796500767950704
ackley,W-DBO,0,600.0,optimization,45,0.3534905843249938,14.991553866040988,-14.991553866040988,-14.80546154320884,13.1165874845924,1.874966381448587,3.5170740289995592,32,-1.2573141503157537 3.499566566389852 -2.811948968892974
ackley,W-DBO,0,600.0,optimization,46,0.3593523743733264,12.910522576648347,-12.910522576648347,-12.711082618059649,11.869812305079064,1.0407102715692833,2.7556711419993007,32,0.9608337984726987 2.2803724677618433 0.9534828238543227
ackley,W-DBO,0,600.0,optimization,47,0.3639451596099919,14.211044119592938,-14.211044119592938,-14.193182767395538,12.363659617872257,1.847384501720681,3.6466339240005254,33,-0.6803288146559936 3.3176416963902398 1.7660240482960106
ackley,W-DBO,0,600.0,optimization,48,0.37002288281665946,13.839537633152544,-13.839537633152544,-14.1766575300344,12.106236474212984,1.7333011589395593,3.989085440999588,34,2.1058257441313373 2.501945970916047 -0.6236850349375693
ackley,W-DBO,0,600.0,optimization,49,0.3766713585516588,12.93390030028346,-12.93390030028346,-12.965808924181562,11.060625047271365,1.8732752530120944,2.6824648470001193,34,1.3340934554389605 1.9852034722179681 1.6277554504871645
ackley,W-DBO,0,600.0,optimization,50,0.38114213329665897,12.847689055405521,-12.847689055405521,-13.029510929955222,11.630672297344468,1.2170167580610531,1.6510411709996333,35,1.923542037532826 2.0086741482423847 2.283920398537738
ackley,W-DBO,0,600.0,optimization,51,0.38389386858165836,13.202316128585055,-13.202316128585055,-13.538483320013965,11.517811052839027,1.6845050757460278,3.2481053490000704,35,2.2096801740247543 1.9859465803325236 2.608390337296427
ackley,W-DBO,0,600.0,optimization,52,0.38930737749665845,11.956576881749827,-11.956576881749827,-11.895509335438284,10.243294614664187,1.7132822670856402,1.5175918610002554,36,1.1399694584003939 1.7080981890695028 1.763792225191544
ackley,W-DBO,0,600.0,optimization,53,0.3918366972649922,11.212633481103818,-11.212633481103818,-11.346971051996032,10.068922714475667,1.1437107666281516,2.2050271500002054,36,0.3091181726706935 0.9469928915478221 1.9493284979950332
ackley,W-DBO,0,600.0,optimization,54,0.39551174251499255,11.166805244888055,-11.166805244888055,-11.41012871602546,10.547902244709551,0.6189030001785039,4.147689417000038,37,-0.10573230815844425 1.0649472574477556 1.2022270023085113
ackley,W-DBO,0,600.0,optimization,55,0.4024245582099926,10.500942169974973,-10.500942169974973,-10.747383760082249,9.873250434327488,0.6276917356474847,4.7359340069997415,37,0.06641944732442084 1.0812536547281724 1.191794192362444
ackley,W-DBO,0,600.0,optimization,56,0.4103177815549922,9.783850813357091,-9.783850813357091,-9.72042889251797,9.369620307506532,0.41423050585055954,4.803333513000325,36,0.06544308814157063 1.123852252834368 0.9514588358509641
ackley,W-DBO,0,600.0,optimization,57,0.4183233374099927,9.627532949272055,-9.627532949272055,-9.542785495823253,8.666733810856744,0.960799138415311,4.121203667999907,36,-0.21274438833386 0.9523565432479941 0.27179785586314864
ackley,W-DBO,0,600.0,optimization,58,0.4251920101899926,9.532754283123468,-9.532754283123468,-9.220282390307958,8.082444704141519,1.4503095789819493,3.6717663859999448,36,-0.39112227614009853 0.5838650945876651 0.10281571506413911
ackley,W-DBO,0,600.0,optimization,59,0.43131162083332586,9.003689404501367,-9.003689404501367,-9.006977179655596,8.096706819654191,0.9069825848471762,5.027234020999458,35,-0.7158268272145953 0.2498874265063904 0.13726270488985648
ackley,W-DBO,0,600.0,optimization,60,0.43969034420165826,8.037638438156302,-8.037638438156302,-7.791471246383334,6.640447873260953,1.3971905648953484,4.831554442000197,35,-0.09100809363133067 0.7781053256747654 0.6172774550022595
ackley,W-DBO,0,600.0,optimization,61,0.44774293493832523,20.982190631338202,-20.982190631338202,-20.65086175712686,6.562796459422302,14.4193941719159,3.5028223599993,34,-13.434626534820808 -23.505691930000623 5.707315824752584
ackley,W-DBO,0,600.0,optimization,62,0.4535809722049908,7.649343090598499,-7.649343090598499,-7.377580526134014,5.151702734853778,2.4976403557447213,5.699094576999414,33,0.4491232489900767 0.8592480436913519 1.4887561612583298
ackley,W-DBO,0,600.0,optimization,63,0.46307946316665644,6.911365844076073,-6.911365844076073,-7.470242787626173,5.128428207404763,1.7829376366713099,3.5783954339995034,33,0.04726198797077785 1.4789012468690288 0.7280697379246632
ackley,W-DBO,0,600.0,optimization,64,0.4690434555566556,5.2880385535837675,-5.2880385535837675,-4.997723638973481,3.599324636449286,1.6887139171344816,5.892328994999843,32,0.5874174874781772 0.08141869492569498 1.085692678163717
ackley,W-DBO,0,600.0,optimization,65,0.47886400388165534,8.688423784804526,-8.688423784804526,-8.608177947610091,3.4272262140635807,5.261197570740945,2.543830464000166,32,0.13227298992183023 -3.4597408230006224 1.7003441233030756
ackley,W-DBO,0,600.0,optimization,66,0.48310372132165563,5.67929397568134,-5.67929397568134,-5.579164754308026,2.135400395587617,3.5438935800937226,2.35486793400014,33,1.5050893700253667 -0.6161318446517505 0.403178601966971
ackley,W-DBO,0,600.0,optimization,67,0.48702850121165586,4.805304749749169,-4.805304749749169,-4.717590674599731,1.923046998055828,2.882257751693341,4.751057098000274,33,0.509912585773705 -0.3540085748542374 1.188034940830832
ackley,W-DBO,0,600.0,optimization,68,0.494946929708323,4.319274697305872,-4.319274697305872,-4.228836360275962,1.4606119379625437,2.858662759343328,3.0561735000001136,33,0.49364130762245395 -0.34209372038788644 1.059657012329481
ackley,W-DBO,0,600.0,optimization,69,0.5000405522083232,3.7800619960497923,-3.7800619960497923,-3.7045904075290292,0.005280360849809984,3.7747816351999823,3.4801938880000307,34,0.4733715674962369 -0.3192136457675687 1.027018622096108
ackley,W-DBO,0,600.0,optimization,70,0.5058408753549899,4.0668946892686755,-4.0668946892686755,-4.1516991714086675,1.6757935266745645,2.391101162594111,5.175517785000011,34,0.431427714735797 -0.27763298347714027 0.9512616915440404
ackley,W-DBO,0,600.0,optimization,71,0.5144667383299899,5.120902118458471,-5.120902118458471,-5.570222867679314,1.8400378138456657,3.280864304612805,3.9795143769997594,34,0.6977793334042559 -0.3310731051648297 1.3386774103100834
ackley,W-DBO,0,600.0,optimization,72,0.5210992622916562,4.498086190911902,-4.498086190911902,-4.523820698041813,3.417707119214715,1.080379071697187,2.6388160260003133,35,-0.06833058908614831 -0.5644492191237411 0.17521296069038073
ackley,W-DBO,0,600.0,optimization,73,0.5254972890016567,5.264360870382607,-5.264360870382607,-5.454267629401213,3.9417969333469505,1.3225639370356563,4.267613158000131,35,0.1193291260762166 -0.4503063304757582 0.39904852143665437
ackley,W-DBO,0,600.0,optimization,74,0.5326099775983236,5.6755744616692425,-5.6755744616692425,-5.420352109509,3.8646179605079465,1.810956501161296,4.527334054999301,36,-0.1040950349796681 -0.5164600424155559 0.7035368607897894
ackley,W-DBO,0,600.0,optimization,75,0.5401555343566558,6.868972856148556,-6.868972856148556,-6.937202964694887,5.562478319011394,1.3064945371371621,5.035633583999697,35,0.3157510861258359 -0.4079623869153721 0.3601655245738513
ackley,W-DBO,0,600.0,optimization,76,0.5485482569966552,7.682452519927635,-7.682452519927635,-7.662728859150245,5.485608221462034,2.196844298465601,4.941230346999873,35,-1.5812068053106074 -0.9437715246490725 0.7313969005668994
ackley,W-DBO,0,600.0,optimization,77,0.5567836409083217,8.182017931645577,-8.182017931645577,-8.382763881640958,7.01971280938881,1.1623051222567664,7.2462061039996115,34,-0.23371944897914076 -1.1188998683907876 0.35540436587074
ackley,W-DBO,0,600.0,optimization,78,0.5688606510816544,9.412907840514237,-9.412907840514237,-9.533558351177833,8.12824434519581,1.2846634953184264,7.431787018999785,33,-0.9032958130829556 0.43998866195434516 0.5235795920947197
ackley,W-DBO,0,600.0,optimization,79,0.5812469627799873,10.557225467701867,-10.557225467701867,-10.559950513835714,8.539945148061737,2.0172803196401308,5.156737741999677,32,-1.585778079888211 -1.0985604830328342 -1.6766817236734184
ackley,W-DBO,0,600.0,optimization,80,0.5898415256833202,10.185487850959419,-10.185487850959419,-10.536454143622011,9.347497560544351,0.8379902904150676,6.8959326720005265,32,-0.8087658731951706 -1.0219068437239542 0.7938770412670877
ackley,W-DBO,0,600.0,optimization,81,0.601334746803321,12.085930374370152,-12.085930374370152,-12.014884122257675,10.611686690711132,1.4742436836590205,5.274821130999953,31,-4.163498976261341 -1.038850780955979 0.03594613882247444
ackley,W-DBO,0,600.0,optimization,82,0.6101261153549876,12.133433250668599,-12.133433250668599,-12.158496134404187,10.146512339914278,1.9869209107543213,4.1170619599997735,31,-0.4840459223149125 -0.27605865576905586 -0.5109121353786925
ackley,W-DBO,0,600.0,optimization,83,0.6169878852883206,14.277737958941257,-14.277737958941257,-14.557901306564185,11.608824790837161,2.668913168104096,4.3593173220006065,31,-3.1115860856492823 -4.696188588770809 -1.6011143707624527
ackley,W-DBO,0,600.0,optimization,84,0.6242534141583216,13.418691041810204,-13.418691041810204,-13.985348480703367,11.000605631415059,2.418085410395145,3.944821637000132,31,-2.8056205619664674 -0.35752173463103176 4.08379496603321
ackley,W-DBO,0,600.0,optimization,85,0.6308281168866552,15.337381010885139,-15.337381010885139,-15.216156415726791,12.28278021745946,3.0546007934256796,7.563278943999649,30,-5.576662267781639 1.456413379758736 -4.021268608988066
ackley,W-DBO,0,600.0,optimization,86,0.6434335817933212,14.861398832215926,-14.861398832215926,-14.931712358394353,12.376130757462416,2.4852680747535096,6.504787523000232,28,6.817755142681989 0.7766515703058161 0.8664856804980516
ackley,W-DBO,0,600.0,optimization,87,0.654274894331655,17.94872779637339,-17.94872779637339,-18.073958842265267,12.74470672788699,5.2040210684864,8.013191746999837,26,9.079732581327256 1.4071146801917749 -11.88751454270054
ackley,W-DBO,0,600.0,optimization,88,0.667630213909988,14.891947957053105,-14.891947957053105,-14.94774686618574,13.831142829206001,1.0608051278471038,9.019403082999816,24,-2.1710154354699043 -0.9735151622078 0.37627053640797925
ackley,W-DBO,0,600.0,optimization,89,0.6826625523816544,19.100431186631123,-19.100431186631123,-18.671231996126313,14.572978324580156,4.527452862050968,6.295505543999752,22,10.183963322788394 3.293849324912358 13.951264438785572
ackley,W-DBO,0,600.0,optimization,90,0.693155061621654,20.497020537635297,-20.497020537635297,-20.50878757243367,15.107545167126414,5.389475370508883,3.2090159010003845,22,-24.296371417835424 4.264409479410062 3.9713495341460074
ackley,W-DBO,0,600.0,optimization,91,0.6985034214566546,21.204617753684154,-21.204617753684154,-21.18415124668557,15.131965900047632,6.072651853636522,2.41063241700067,22,32.0 32.0 -6.342183644438645
ackley,W-DBO,0,600.0,optimization,92,0.7025211421516557,19.84290588335713,-19.84290588335713,-20.194273307236546,14.548122371728011,5.294783511629118,2.439239604999784,23,19.046853171657496 -7.348025041598472 0.5249134433069216
ackley,W-DBO,0,600.0,optimization,93,0.706586541493322,19.11396427567676,-19.11396427567676,-18.724728955871743,15.173805275306226,3.940159000370535,3.9327591940000275,23,6.511703563137999 11.45076095322274 -0.5734680933051948
ackley,W-DBO,0,600.0,optimization,94,0.7131411401499888,20.844478045115427,-20.844478045115427,-20.627692845306413,15.798671376492056,5.045806668623371,1.6475979910001115,24,-32.0 32.0 -32.0
ackley,W-DBO,0,600.0,optimization,95,0.7158871368016556,20.308212125053533,-20.308212125053533,-20.05611543005528,15.35118431616774,4.957027808885792,2.9202482210002927,24,32.0 -32.0 -32.0
ackley,W-DBO,0,600.0,optimization,96,0.7207542171699894,20.135573671297962,-20.135573671297962,-20.12430949918056,15.33209984820083,4.803473823097132,1.948547573999349,25,32.0 -32.0 32.0
ackley,W-DBO,0,600.0,optimization,97,0.7240017964599883,17.351707812540024,-17.351707812540024,-17.135119480990184,16.088131719923464,1.2635760926165602,4.43966634499975,26,2.673351074059944 0.41675567951711656 2.080128322839485
ackley,W-DBO,0,600.0,optimization,98,0.7314012403683212,20.333804251361066,-20.333804251361066,-20.246156472626595,15.849943132478597,4.483861118882469,2.931861580000259,26,-32.0 32.0 32.0
ackley,W-DBO,0,600.0,optimization,99,0.7362876763349884,20.142129055658096,-20.142129055658096,-19.99724397905432,15.77640509267636,4.365723962981736,2.929275743999824,26,32.0 15.08747767058086 32.0
ackley,W-DBO,0,600.0,optimization,100,0.7411698025749881,20.963784860491465,-20.963784860491465,-20.999745201654964,16.762472071223552,4.201312789267913,2.083224619000248,27,-3.1875208049302977 -10.833781303921572 -32.0
ackley,W-DBO,0,600.0,optimization,101,0.7446418436066551,20.810758184971455,-20.810758184971455,-21.159010259197963,16.69501265728337,4.115745527688084,2.5788158060004207,28,-32.0 -32.0 32.0
ackley,W-DBO,0,600.0,optimization,102,0.7489398699499892,20.56046854610494,-20.56046854610494,-20.317369563461504,15.994725662086541,4.565742884018398,2.9305572630000825,28,5.272809684553444 32.0 32.0
ackley,W-DBO,0,600.0,optimization,103,0.7538241320549893,21.022489832103442,-21.022489832103442,-21.479684497335022,16.643432197038955,4.379057635064488,1.5311012129996016,29,32.0 4.698886467597347 -32.0
ackley,W-DBO,0,600.0,optimization,104,0.7563759674099887,21.22130922196944,-21.22130922196944,-21.278001756540757,17.124830972460273,4.096478249509168,1.6357121689998166,30,6.384180091752448 -9.122993809249241 32.0
ackley,W-DBO,0,600.0,optimization,105,0.7591021543583216,18.99963360827356,-18.99963360827356,-19.04795843575164,17.205037978763606,1.7945956295099528,4.26112858200031,30,-5.616382256147922 4.63651565582439 1.3926798013127097
ackley,W-DBO,0,600.0,optimization,106,0.7662040353283222,20.598625651081143,-20.598625651081143,-20.84503393992595,16.378121421597946,4.220504229483197,1.5792051599992192,31,1.7050632669569339 32.0 -32.0
ackley,W-DBO,0,600.0,optimization,107,0.7688360439283208,20.721532313677553,-20.721532313677553,-20.576662817818566,16.870738724785614,3.850793588891939,3.18635729000016,31,-32.0 -32.0 -15.212820148800503
ackley,W-DBO,0,600.0,optimization,108,0.7741466394116545,20.93562820959094,-20.93562820959094,-20.982962360153568,17.593089635934124,3.3425385736568174,1.9669270700005654,32,32.0 -32.0 -1.930896728007049
ackley,W-DBO,0,600.0,optimization,109,0.7774248511949887,21.146999871512808,-21.146999871512808,-21.250223661866226,17.196044009702238,3.95095586181057,3.2922213230003763,32,-32.0 32.0 1.3603431533624217
ackley,W-DBO,0,600.0,optimization,110,0.7829118867333227,20.581321174690498,-20.581321174690498,-20.458492325100565,16.871322409839696,3.709998764850802,3.2507513549999203,32,-32.0 -0.7430016208342707 -32.0
ackley,W-DBO,0,600.0,optimization,111,0.7883298056583226,21.436012437623564,-21.436012437623564,-21.548619125009694,17.8921786610606,3.5438337765629626,1.8380633799997668,33,-32.0 3.3413806437920996 32.0
ackley,W-DBO,0,600.0,optimization,112,0.7913932446249888,21.344070403210996,-21.344070403210996,-21.015880490308096,17.794336810179875,3.549733593031121,3.268973553000251,33,32.0 32.0 23.684840039786735
ackley,W-DBO,0,600.0,optimization,113,0.7968415338799892,19.860747295053386,-19.860747295053386,-19.777705053312914,17.008048380489143,2.852698914564243,2.3611302479994265,34,6.990224823155458 -32.0 -32.0
ackley,W-DBO,0,600.0,optimization,114,0.8007767509599883,20.897888252087487,-20.897888252087487,-21.009964239111195,17.682724947019096,3.2151633050683905,2.8763483759994415,34,0.36685980166028287 -32.0 -4.079392573491923
ackley,W-DBO,0,600.0,optimization,115,0.8055706649199874,21.36405027765988,-21.36405027765988,-21.82344362003196,18.214194270922736,3.1498560067371457,2.124762520999866,35,-20.27335381785044 -32.0 -32.0
ackley,W-DBO,0,600.0,optimization,116,0.8091119357883205,20.80408179407838,-20.80408179407838,-21.11307934304552,17.722877379558057,3.0812044145203252,2.0039107510001486,36,32.0 -8.766452706909906 32.0
ackley,W-DBO,0,600.0,optimization,117,0.8124517870399874,19.43783745443863,-19.43783745443863,-19.181039727290084,17.2925867282315,2.1452507262071308,1.739615813000455,37,0.5777934272180971 -6.27828104970359 -0.37653544554879304
ackley,W-DBO,0,600.0,optimization,118,0.8153511467283215,20.316934609969884,-20.316934609969884,-20.32889140082785,17.714037626999186,2.602896982970698,3.0912973249996867,37,32.0 32.0 -32.0
ackley,W-DBO,0,600.0,optimization,119,0.8205033089366544,21.014100936422253,-21.014100936422253,-21.08099807844679,18.496791561370692,2.5173093750515605,4.5721066189998965,35,-32.0 32.0 32.0
ackley,W-DBO,0,600.0,optimization,120,0.8281234866349875,18.709485317102043,-18.709485317102043,-18.32121578555704,17.550847839540324,1.1586374775617188,2.9420604440001625,35,0.02997280958795301 -1.7430471715829192 8.89482770160911
ackley,W-DBO,0,600.0,optimization,121,0.8330269207083211,20.42160489730658,-20.42160489730658,-20.724670853132608,18.424349706163902,1.9972551911426777,1.7436607050003659,36,-5.574985285225846 -6.539369406402081 10.981672267145022
ackley,W-DBO,0,600.0,optimization,122,0.8359330218833217,20.158967935332864,-20.158967935332864,-20.297347887385964,18.739809964442774,1.4191579708900903,2.569622177000383,37,5.483224786656372 3.060958824209962 7.344928839141559
ackley,W-DBO,0,600.0,optimization,123,0.8402157255116557,19.252876151187586,-19.252876151187586,-19.364539754179706,18.254163452672778,0.998712698514808,3.3244782249994387,37,-1.4503134598678322 -1.1040697251871023 2.9412068983812816
ackley,W-DBO,0,600.0,optimization,124,0.8457565225533213,19.54668142945384,-19.54668142945384,-19.408140928623453,18.013815239551246,1.5328661899025953,2.5979197840006236,38,1.6872181386837397 -0.16178375930063638 -3.6487587131391237
ackley,W-DBO,0,600.0,optimization,125,0.8500863888599891,19.801767914762316,-19.801767914762316,-19.95854883521062,18.869532083610064,0.9322358311522514,3.483065252000415,38,0.26975062037383424 -1.6215054154784774 3.016705007499901
ackley,W-DBO,0,600.0,optimization,126,0.8558914976133232,20.59739816710992,-20.59739816710992,-20.742337297951714,18.459440017223205,2.137958149886714,2.092635361000248,39,20.13250080442532 -32.0 -32.0
ackley,W-DBO,0,600.0,optimization,127,0.8593792232149902,19.961746553238545,-19.961746553238545,-20.341013245561587,17.994878301851493,1.9668682513870515,2.3751076260004993,40,4.802542085297652 1.7373521846631093 -13.227028627980634
ackley,W-DBO,0,600.0,optimization,128,0.8633377359249911,20.032206060822652,-20.032206060822652,-19.859874478138554,18.6583062642432,1.373899796579451,3.161194804999468,40,-0.7571193385224078 -0.59421782287626 3.7301446211853246
ackley,W-DBO,0,600.0,optimization,129,0.8686063939333235,20.939919777429875,-20.939919777429875,-20.74944416896083,19.112817226135327,1.8271025512945478,2.0370415089992093,41,-32.0 17.05914557183481 -32.0
ackley,W-DBO,0,600.0,optimization,130,0.8720014631149888,20.355672829006867,-20.355672829006867,-20.46823171831465,18.554159720593077,1.8015131084137899,2.6477567030005957,42,32.0 -32.0 32.0
ackley,W-DBO,0,600.0,optimization,131,0.8764143909533232,21.417622421938667,-21.417622421938667,-21.379028256816163,18.306897855784626,3.1107245661540404,3.43756994100022,42,0.48645543346945175 32.0 15.38266498298919
ackley,W-DBO,0,600.0,optimization,132,0.8821436741883235,20.779218814736534,-20.779218814736534,-21.084646845469695,19.321400845229128,1.4578179695074063,2.6583650600005058,43,6.553490389371731 -8.295394399473459 6.1821739001148615
ackley,W-DBO,0,600.0,optimization,133,0.8865742826216577,20.909656933603042,-20.909656933603042,-21.021137531571263,18.946971858065105,1.9626850755379373,1.6638829330004228,44,2.776754727754856 -32.0 -32.0
ackley,W-DBO,0,600.0,optimization,134,0.8893474208433251,19.98616095944513,-19.98616095944513,-19.660576997580513,18.431146829718422,1.5550141297267075,2.9835000590001073,44,-9.270509263153045 -3.1709165352569997 -9.853930532219682
ackley,W-DBO,0,600.0,optimization,135,0.8943199209416586,20.971741369313257,-20.971741369313257,-20.93967074295529,18.952546711793865,2.0191946575193924,2.0717722059998778,45,-12.488234725746551 5.26313332473925 -14.129027479443604
ackley,W-DBO,0,600.0,optimization,136,0.897772874618325,20.865886545036393,-20.865886545036393,-20.31999099201098,19.48657202751819,1.3793145175182033,2.001187451000078,46,-5.971780965417718 -8.678098086151554 -7.503131773108681
ackley,W-DBO,0,600.0,optimization,137,0.9011081870366585,20.802183434630827,-20.802183434630827,-20.988182313064208,19.303933862092496,1.498249572538331,2.8651947660000587,46,32.0 15.076056207781022 32.0
ackley,W-DBO,0,600.0,optimization,138,0.9058835116466586,19.792100865961604,-19.792100865961604,-19.65499054354257,18.518396614447408,1.2737042515141965,1.8774807170002532,47,-32.0 -13.012982638975682 -9.961665340108471
ackley,W-DBO,0,600.0,optimization,139,0.9090126461749923,21.61443649484877,-21.61443649484877,-21.66063085457381,18.893418299770154,2.721018195078617,1.623881249999613,48,-32.0 -20.552819993857874 -2.4235700685624586
ackley,W-DBO,0,600.0,optimization,140,0.9117191149249917,21.278186080209807,-21.278186080209807,-21.144493936886406,19.456268547105243,1.821917533104564,2.232277671000702,49,-32.0 -6.661294582401993 -17.950385840624
ackley,W-DBO,0,600.0,optimization,141,0.9154395777099928,20.49241451386486,-20.49241451386486,-20.494118422878085,19.60617170769002,0.8862428061748382,3.1495484569995824,49,-4.350113163483602 0.7714881346887381 -1.1061009963400856
ackley,W-DBO,0,600.0,optimization,142,0.9206888251383255,20.94764226645647,-20.94764226645647,-21.080242852723305,18.720451353875458,2.227190912581012,2.127203097000347,50,20.61152114655166 32.0 -32.0
ackley,W-DBO,0,600.0,optimization,143,0.9242341636333261,20.904005332615103,-20.904005332615103,-21.109006898853654,18.945288620423344,1.9587167121917588,2.371581807000439,51,32.0 -21.30719290342399 -32.0
ackley,W-DBO,0,600.0,optimization,144,0.9281867999783269,20.83048815853587,-20.83048815853587,-20.106041191283744,19.704230796251277,1.1262573622845942,2.9458116289997633,51,-16.89679513154573 -9.8335849459313 -10.15646221131177
ackley,W-DBO,0,600.0,optimization,145,0.9330964860266597,20.53549394382858,-20.53549394382858,-20.55376913056575,19.452875813737293,1.0826181300912872,2.3197572910003146,52,-3.5543046066526003 1.1661639149990748 3.8558355903829167
ackley,W-DBO,0,600.0,optimization,146,0.9369627481783269,20.324077827321897,-20.324077827321897,-20.800576918937235,18.79536149762018,1.528716329701716,3.8515933879998556,52,-11.326223042264118 -6.883764535651974 -7.16353843881701
ackley,W-DBO,0,600.0,optimization,147,0.9433820704916601,21.562594559751634,-21.562594559751634,-21.71584671663845,19.775884431667315,1.7867101280843194,1.912926757000605,53,16.53600852435018 -32.0 32.0
ackley,W-DBO,0,600.0,optimization,148,0.9465702817533277,21.58958490911688,-21.58958490911688,-21.429376840591317,19.86952620004012,1.7200587090767598,2.2149696960004803,54,-20.420657958408302 32.0 -32.0
ackley,W-DBO,0,600.0,optimization,149,0.9502618979133285,20.382420353073147,-20.382420353073147,-20.500562966437116,19.253557489474055,1.1288628635990925,3.3413067869996667,54,0.8599372914735639 -0.3047953008337245 -4.784876504321222
ackley,W-DBO,0,600.0,optimization,150,0.955830742558328,21.482887870954844,-21.482887870954844,-21.161439953208806,19.259197377240742,2.223690493714102,2.434883775000344,55,-19.409381981120312 -14.383164019977006 -16.117361188715577
ackley,W-DBO,0,600.0,optimization,151,0.9598888821833286,20.995091982651335,-20.995091982651335,-20.758244074245045,19.979214440400717,1.0158775422506174,2.246060490000673,56,14.06812330911874 32.0 32.0
ackley,W-DBO,0,600.0,optimization,152,0.9636323163333297,21.456850387653386,-21.456850387653386,-21.492845149657583,19.806184889185065,1.650665498468321,3.391993571999592,56,32.0 12.319116161473367 -3.237063434660179
ackley,W-DBO,0,600.0,optimization,153,0.969285638953329,20.89398293448396,-20.89398293448396,-21.005558703709195,19.023324230141956,1.8706587043420058,1.8050636210000448,57,-32.0 -1.5055112123306529 -3.9130416609205554
ackley,W-DBO,0,600.0,optimization,154,0.9722940783216624,21.682668288655588,-21.682668288655588,-21.920083918077857,19.549654767081353,2.1330135215742345,2.0405389729994567,58,-3.6087988978663716 16.478187611296747 32.0
ackley,W-DBO,0,600.0,optimization,155,0.9756949766099948,21.008677936048734,-21.008677936048734,-21.174066899689837,20.092093337561444,0.9165845984872902,2.3518651150006917,59,32.0 32.0 -32.0
ackley,W-DBO,0,600.0,optimization,156,0.9796147518016627,21.513133783750032,-21.513133783750032,-21.861209858370405,19.843332348667037,1.669801435082995,3.5638875209997423,59,15.83845848770288 -32.0 -20.58707668332411
ackley,W-DBO,0,600.0,optimization,157,0.9855545643366622,20.039213917473443,-20.039213917473443,-19.75463766642646,19.179791753766313,0.85942216370713,1.7890866079997068,60,32.0 32.0 32.0
ackley,W-DBO,0,600.0,optimization,158,0.9885363753499951,20.620333562260814,-20.620333562260814,-20.244480805389898,19.777490411047243,0.8428431512135717,1.9163561109999137,61,32.0 32.0 32.0
ackley,W-DBO,0,600.0,optimization,159,0.9917303022016616,21.028482817222763,-21.028482817222763,-21.325284679860093,20.203045502606592,0.8254373146161704,3.153721439000037,61,32.0 32.0 32.0
ackley,W-DBO,0,600.0,optimization,160,0.9969865045999949,20.38510678652779,-20.38510678652779,-20.66431630710747,19.575806767502872,0.8093000190249171,1.989987261999886,62,32.0 32.0 17.059392298079665
